{"mean": [4.7975, 0.46625, 0.6475, 0.4625, 0.455, 0.1575, 0.49625, 0.65625], "scale": [3.000248948004149, 0.498859637072394, 0.47774862637165166, 0.4985917668794775, 0.4979708826829106, 0.36427153333742474, 0.49998593730224067, 0.47495887979908324]}